home_off_line,count,mean,std,min,25%,50%,75%,max
PP_kill_dwn,1434.0,450.3795048814505,240.93602880453147,2.2,252.12,473.96000000000004,600.0,1330.27
PP_up,1305.0,527.945938697318,228.03488242921398,28.7,360.0,493.5,673.49,1559.67
empty_net_line,988.0,42.45307692307692,25.72699941957685,0.01,19.68,46.364999999999995,58.6025,155.56
first_off,11062.0,161.0422075574037,88.57213723551145,0.15,94.295,150.19,216.065,598.36
second_off,11038.0,158.90175212900888,87.22988980147234,0.21,94.045,148.81,211.29500000000002,584.25
