model,accuracy,brier,auc
Logistic Regression,0.6105182926829268,0.23114291856923147,0.6380221130221131
Random Forest,0.6326219512195121,0.2205246357556606,0.6927778302778302
Gradient Boosting,0.6333841463414634,0.22433890134016365,0.7535000472500472
Elo,0.6013719512195121,0.2352152373193929,0.6213369400869401
Bradley-Terry,0.6021341463414634,0.2322920305025315,0.6345386032886033
Log5,0.5891768292682927,0.23957756051779283,0.5913804101304101
Monte Carlo,0.5114329268292683,0.25414555294016766,0.5092031279531279
Poisson Direct,0.510670731707317,0.25418284763266946,0.5093425155925155
xGD Power,0.5838414634146342,0.24171675809722354,0.5776294651294651
